player.playerId,player.player.player.givenName,player.player.player.surname,ID
CD_I200083,Robert,Murphy,468
CD_I200032,Matthew,Pavlich,544
CD_I200035,Corey,Enright,621
CD_I210016,Scott,Thompson,755
CD_I960491,Brent,Harvey,788
CD_I210023,Drew,Petrie,806
CD_I210001,Nick,Riewoldt,981
CD_I220001,Gary,Ablett,1105
CD_I220007,Jimmy,Bartel,1106
CD_I210027,Ted,Richards,1119
CD_I210012,Shaun,Burgoyne,1126
CD_I220023,Nick,Dal Santo,1132
CD_I220047,Luke,Hodge,1134
CD_I220073,Sam,Mitchell,1135
CD_I220075,Leigh,Montagna,1137
CD_I220054,Steve,Johnson,1140
CD_I220058,James,Kelly,1141
CD_I240072,Heath,Grundy,1401
CD_I220110,Jarrad,Waite,1418
CD_I220096,Aaron,Sandilands,1421
CD_I220052,Mark,Jamar,1425
CD_I230232,Daniel,Wells,1427
CD_I230084,Brendon,Goddard,1443
CD_I220010,Matthew,Boyd,1450
CD_I230195,Jay,Schulz,1451
CD_I230202,Kade,Simpson,1456
CD_I230272,Michael,Firrito,1457
CD_I220105,Dane,Swan,1460
CD_I230231,Jobe,Watson,1461
CD_I230255,Will,Minson,2332
CD_I240370,Richard,Douglas,2381
CD_I250222,Nathan,Jones,2447
CD_I240027,Brent,Stanton,3939
CD_I230041,Adam,Cooney,3940
CD_I230253,Jarrad,McVeigh,3950
CD_I230248,Andrew,Mackie,3958
CD_I240180,Troy,Chaplin,3962
CD_I240014,Andrew,Walker,3969
CD_I240062,Farren,Ray,3974
CD_I240708,Sam,Fisher,3975
CD_I240087,Jed,Adcock,3976
CD_I240159,Sam,Butler,3983
CD_I240712,Michael,Rischitelli,4047
CD_I240060,Eddie,Betts,4060
CD_I240290,Angus,Monfries,4061
CD_I240399,Lance,Franklin,4065
CD_I240336,Brett,Deledio,4068
CD_I230147,Daniel,Merrett,4072
CD_I230243,Sean,Dempster,4073
CD_I250118,Nathan,Van Berlo,4075
CD_I250089,Jordan,Lewis,4077
CD_I240357,Jarryd,Roughead,4078
CD_I240156,Ryan,Griffen,4080
CD_I230107,Michael,Johnson,4083
CD_I250712,Dale,Morris,4084
CD_I240366,Travis,Cloke,4086
CD_I240052,David,Mundy,4088
CD_I230125,Tom,Lonergan,4110
CD_I240119,Mark,LeCras,4114
CD_I230048,Ryan,Crowley,4115
CD_I230132,Nick,Malceski,4117
CD_I240700,Heath,Shaw,4132
CD_I250111,Matt,Rosa,4133
CD_I240073,Heritier,Lumumba,4134
CD_I250063,Danyle,Pearce,4137
CD_I240552,Zac,Dawson,4141
CD_I250703,James,Gwilt,4143
CD_I250267,Paddy,Ryder,4144
CD_I250715,Josh,Gibson,4145
CD_I240393,Mitch,Clark,4146
CD_I250105,Marc,Murphy,4148
CD_I240302,Grant,Birchall,4149
CD_I261142,Bernie,Vince,4151
CD_I240359,Dale,Thomas,4152
CD_I240283,Shannon,Hurn,4162
CD_I240546,Ivan,Maric,4165
CD_I250548,Lynden,Dunn,4166
CD_I240406,Josh J.,Kennedy,4169
CD_I240245,Courtenay,Dempsey,4173
CD_I240417,Andrew,Swallow,4176
CD_I250134,Sam,Gilbert,4178
CD_I230170,Joel,Patfull,4179
CD_I260227,Shaun,Higgins,4180
CD_I230214,Mathew,Stokes,4181
CD_I260257,Scott,Pendlebury,4182
CD_I230140,Ben,McGlynn,4184
CD_I240389,Matthew,White,4185
CD_I240124,Matt,Priddis,4186
CD_I250688,Alipate,Carlile,4200
CD_I994385,Jayden,Hunt,4729
CD_I990424,Jarrod,Garlett,5488
CD_I290228,Kyle,Hartigan,6623
CD_I250088,Jonathon,Griffin,11534
CD_I250417,Bryce,Gibbs,11535
CD_I250321,Joel,Selwood,11538
CD_I250257,Xavier,Ellis,11539
CD_I261909,Lindsay,Thomas,11540
CD_I250373,Lachlan,Hansen,11542
CD_I261083,Nathan,Krakouer,11545
CD_I240226,Kieren,Jack,11546
CD_I261510,Tom,Hawkins,11548
CD_I250290,Travis,Varcoe,11549
CD_I260303,Mitchell,Brown,11550
CD_I240419,Alan,Toovey,11553
CD_I240254,Jarrod,Harbrow,11555
CD_I260930,Shane,Edwards,11557
CD_I270830,Colin,Garland,11560
CD_I250312,Bachar,Houli,11566
CD_I260246,Tyson,Goldsack,11568
CD_I250340,David,Armitage,11570
CD_I260288,James,Frawley,11575
CD_I250395,Jack,Riewoldt,11576
CD_I261396,Robbie,Gray,11578
CD_I260750,Justin,Westhoff,11579
CD_I250268,Garrick,Ibbotson,11580
CD_I250365,Travis,Boak,11583
CD_I240232,Ben,Reid,11589
CD_I261257,Andrejs,Everitt,11591
CD_I250335,Matthew,Leuenberger,11593
CD_I250298,Shaun,Grigg,11594
CD_I250317,Eric,Mackenzie,11596
CD_I261209,Josh,Hill,11602
CD_I261214,Will,Schofield,11605
CD_I261043,Michael,Jamison,11610
CD_I250569,Heath,Hocking,11616
CD_I270737,Shaun,Hampson,11619
CD_I260261,Trent,West,11625
CD_I270779,Paul,Stewart,11626
CD_I260310,Nathan,Brown,11627
CD_I260113,Jarryn,Geary,11630
CD_I260955,Cyril,Rioli,11632
CD_I270742,Kurt,Tippett,11633
CD_I250362,David,Mackay,11634
CD_I261212,Craig,Bird,11635
CD_I281395,Scott D.,Thompson,11636
CD_I270326,Lachie,Henderson,11637
CD_I261290,Chris,Masten,11638
CD_I261911,Brad,Ebert,11639
CD_I261231,Rhys,Palmer,11641
CD_I280416,Chris,Mayne,11642
CD_I261497,Harry,Taylor,11643
CD_I270928,Scott,Selwood,11644
CD_I261299,Matthew,Kreuzer,11645
CD_I250654,Matt,Spangher,11650
CD_I250338,Nick,Smith,11653
CD_I261799,Sharrod,Wellingham,11654
CD_I280762,Shane,Mumford,11656
CD_I250212,Jesse,White,11657
CD_I260975,James,Polkinghorne,11658
CD_I261314,David,Myers,11663
CD_I270896,Trent,Cotchin,11666
CD_I280497,Ryan,Davis,11667
CD_I260382,Josh P.,Kennedy,11672
CD_I260533,Dennis,Armfield,11673
CD_I261320,Tom,Bellchambers,11675
CD_I280109,Callan,Ward,11677
CD_I270296,Andy,Otten,11678
CD_I261323,Ben,McEvoy,11682
CD_I280763,Stefan,Martin,11684
CD_I271129,Todd,Goldstein,11686
CD_I260394,Chris,Dawes,11696
CD_I270917,Patrick,Dangerfield,11700
CD_I270588,Cale,Hooker,11702
CD_I270512,Pearce,Hanley,11704
CD_I261374,Sam J.,Reid,11705
CD_I261297,Jack,Grimes,11707
CD_I270811,Sam,Jacobs,11708
CD_I290311,Mitch,Robinson,11710
CD_I270653,Jeff,Garlett,11711
CD_I280506,Taylor,Walker,11713
CD_I270935,Michael,Hurley,11715
CD_I280336,Stephen,Hill,11716
CD_I270908,Nick,Suban,11717
CD_I270732,Matthew,Suckling,11718
CD_I261386,Brendan,Whitecross,11719
CD_I281301,Ryan,Schoenmakers,11720
CD_I270215,Kyle,Cheney,11721
CD_I280521,Jake,Spencer,11722
CD_I281280,Neville,Jetta,11723
CD_I280944,Jack,Ziebell,11724
CD_I271072,Daniel,Rich,11725
CD_I290943,Jamie,Bennell,11726
CD_I271001,Dayne,Beams,11728
CD_I270951,David,Zaharakis,11729
CD_I271439,Liam,Picken,11731
CD_I261362,Alex,Rance,11733
CD_I250623,Robin,Nahas,11734
CD_I261892,Hamish,Hartlett,11740
CD_I261181,Brent,Macaffer,11743
CD_I261319,Jarrad,Grant,11744
CD_I270861,Levi,Greenwood,11745
CD_I271015,Matt,de Boer,11746
CD_I280965,Steele,Sidebottom,11751
CD_I240131,Nathan,Grima,11754
CD_I280864,Sam,Wright,11755
CD_I280737,Liam,Shiels,11760
CD_I281007,Michael,Walters,11763
CD_I280386,Clancee,Pearce,11764
CD_I280972,Jack,Watts,11765
CD_I270941,Ty,Vickery,11767
CD_I271045,Nic,Naitanui,11768
CD_I260069,Hayden,Ballantyne,11770
CD_I290251,Zac,Clarke,11771
CD_I280038,Shaun,McKernan,11774
CD_I270899,Jeremy,Laidler,11778
CD_I280441,Patrick,McGinnity,11779
CD_I281373,Jack,Redden,11780
CD_I271078,Matthew,Broadbent,11782
CD_I290117,Dan,Hannebery,11783
CD_I270919,Tom,Rockliff,11787
CD_I281139,Easton,Wood,11788
CD_I270912,Jack,Steven,11791
CD_I270963,Rory,Sloane,11792
CD_I280858,Shane,Savage,11793
CD_I290847,Dustin,Martin,11794
CD_I260073,Ben,Howlett,11797
CD_I281065,Mitch,Duncan,11798
CD_I280969,Tom,Scully,11802
CD_I280608,Jack,Trengove,11803
CD_I281281,Lewis,Jetta,11804
CD_I280078,Luke,Shuey,11805
CD_I292026,Michael,Barlow,11809
CD_I271433,Alex,Silvagni,11810
CD_I280863,Ryan,Bastinac,11811
CD_I280013,Jackson,Trengove,11812
CD_I280750,Andrew,Moore,11814
CD_I280990,Steven,Motlop,11818
CD_I280824,Jake,Melksham,11820
CD_I280988,Travis,Colyer,11821
CD_I270340,Dawson,Simpson,11822
CD_I280471,Ben,Stratton,11824
CD_I280804,Phil,Davis,11825
CD_I270637,Simon,White,11826
CD_I290198,David,Astbury,11828
CD_I292025,Matt,Dea,11829
CD_I291201,Ricky,Henderson,11832
CD_I280012,Jordan,Roughead,11833
CD_I291570,Nat,Fyfe,11834
CD_I280921,Ben,Cunnington,11835
CD_I261230,Matthew,Lobbe,11836
CD_I280933,Dylan,Roberton,11839
CD_I291357,Gary,Rohan,11842
CD_I281080,Brad,Sheppard,11843
CD_I291351,Jack,Gunston,11845
CD_I280317,Rhys,Stanley,11847
CD_I280747,Ben,Griffiths,11850
CD_I280822,Taylor,Hunt,11851
CD_I280946,Koby,Stevens,11852
CD_I280104,Jarryd,Blair,11855
CD_I270325,Robbie,Tarrant,11859
CD_I290194,Jamie,Macmillan,11862
CD_I281048,Ryan,Harwood,11863
CD_I270938,Tom,Lynch,11865
CD_I281078,Liam,Jones,11866
CD_I290641,Jake,Carlisle,11871
CD_I292503,Stewart,Crameri,11872
CD_I291307,Daniel,Menzel,11873
CD_I280819,Dylan,Grimes,11879
CD_I290188,Sam,Reid,11880
CD_I270146,Ed,Curnow,11883
CD_I290550,Cameron,Guthrie,11884
CD_I290156,Jasper,Pittard,11885
CD_I290540,Cameron,O'Shea,11887
CD_I290823,Reece,Conca,11888
CD_I291437,Jake,Batchelor,11889
CD_I291748,Brodie,Smith,11891
CD_I292035,Claye,Beams,11893
CD_I291548,Ryan,Lester,11894
CD_I281329,Rohan,Bewick,11895
CD_I290629,Dyson,Heppell,11896
CD_I290799,Tom,Liberatore,11898
CD_I290787,Shaun,Atley,11902
CD_I292029,Cameron,Pedersen,11903
CD_I290801,Andrew,Gaff,11904
CD_I290838,Jack,Darling,11905
CD_I280722,Zac,Smith,11909
CD_I290527,Trent,McKenzie,11912
CD_I280711,Charlie,Dixon,11914
CD_I290817,Brandon,Matera,11915
CD_I291594,Harley,Bennell,11916
CD_I290627,Dion,Prestia,11917
CD_I293223,Seb,Tape,11918
CD_I290832,David,Swallow,11919
CD_I280918,Allen,Christensen,11920
CD_I281024,Maverick,Weller,11922
CD_I291304,Daniel,Gorringe,11924
CD_I291450,Alex,Johnson,11925
CD_I290738,Jared,Polec,11927
CD_I261384,Matthew,Wright,11929
CD_I281025,Luke,Russell,11930
CD_I290790,Matt,Shaw,11931
CD_I291545,Mitch,Wallis,11934
CD_I290826,Jamie,Cripps,11937
CD_I290160,Michael,Hibberd,11938
CD_I281085,Steven,May,11940
CD_I294877,Isaac,Smith,11941
CD_I260710,Paul,Puopolo,11942
CD_I291753,Sam,Day,11947
CD_I293813,Tom,Lynch,11948
CD_I290815,Tom,Nicholls,11951
CD_I290802,Ben,Jacobs,11952
CD_I290778,Luke,Parker,11953
CD_I280744,Luke,Breust,11954
CD_I280959,Nathan,Vardy,11955
CD_I280726,Tendai,Mzungu,11956
CD_I270303,Luke,Delaney,11959
CD_I290748,Josh,Green,11960
CD_I290106,Josh,Cowan,11962
CD_I290528,Max,Gawn,11966
CD_I291313,Jeremy,Howe,11967
CD_I292511,Zach,Tuohy,11973
CD_I291526,Luke,Dahlhaus,11974
CD_I290821,Alex,Fasolo,11977
CD_I290622,Mitch,Brown,11987
CD_I280934,Daniel,Talia,11989
CD_I290314,Lachlan,Keeffe,11991
CD_I281075,Rory,Thompson,11992
CD_I290746,Scott,Lycett,11994
CD_I291386,Ben,Sinclair,11996
CD_I280877,John,Butcher,12001
CD_I292145,Tom,Jonas,12002
CD_I294266,Tom,Hickey,12003
CD_I281013,Jason,Tutt,12007
CD_I291445,Aaron,Mullett,12008
CD_I291533,Tom,McDonald,12009
CD_I290623,Josh,Caddy,12010
CD_I280758,Jack,Fitzpatrick,12013
CD_I291672,Aaron,Black,12014
CD_I291978,Harry,Cunningham,12015
CD_I291802,Tomas,Bugg,12016
CD_I293845,Jeremy,Cameron,12017
CD_I261841,Jonathan,Giles,12019
CD_I290306,Curtly,Hampton,12020
CD_I291964,Jack,Hombsch,12021
CD_I291783,Dylan,Shiel,12022
CD_I291891,Jacob,Townsend,12023
CD_I294125,Nathan,Wilson,12024
CD_I295344,Toby,Greene,12025
CD_I291720,Will,Hoskin-Elliott,12026
CD_I291819,Adam,Tomlinson,12027
CD_I291969,Stephen,Coniglio,12028
CD_I291771,Devon,Smith,12029
CD_I261189,Tim,Mohr,12030
CD_I291509,Adam,Kennedy,12031
CD_I291784,Dom,Tyson,12032
CD_I260433,Steven,Morris,12033
CD_I293713,Brandon,Ellis,12034
CD_I294733,Paul,Seedsman,12035
CD_I291811,Jackson,Paine,12037
CD_I296735,Aaron,Hall,12041
CD_I293847,Clay,Smith,12042
CD_I295712,Tory,Dickson,12043
CD_I290783,Billie,Smedts,12044
CD_I291962,Chad,Wingard,12047
CD_I291773,Jack,Newnes,12050
CD_I291828,Billy,Longer,12051
CD_I291806,Sam,Kerridge,12052
CD_I293255,George,Horlin-Smith,12053
CD_I291790,Adam,Treloar,12054
CD_I293535,Lachie,Neale,12055
CD_I291936,Shaun,Edwards,12058
CD_I290671,Anthony,Miles,12059
CD_I295584,Bradley,Hill,12060
CD_I293871,Jack,Crisp,12061
CD_I291492,Josh,Bruce,12065
CD_I291776,Taylor,Adams,12066
CD_I293716,Jarryd,Lyons,12067
CD_I290546,Aaron,Young,12068
CD_I240266,Lee,Spurr,12069
CD_I293662,Liam,Sumner,12073
CD_I294828,Josh,Jenkins,12074
CD_I294068,Andrew,Phillips,12075
CD_I261224,Dayne,Zorko,12076
CD_I291963,Brad,McKenzie,12078
CD_I294643,Alex,Sexton,12080
CD_I291797,Matt,Buntine,12082
CD_I293801,Jamie,Elliott,12083
CD_I295256,Marley,Williams,12084
CD_I250652,Jonathan,Simpkin,12086
CD_I292128,Elliot,Yeo,12087
CD_I293651,Hayden,Crozier,12088
CD_I293581,Lincoln,McCarthy,12090
CD_I295265,Nick,Haynes,12091
CD_I250557,Sam,Gibson,12093
CD_I293816,Mark,Whiley,12095
CD_I291821,Jonathon,Patton,12096
CD_I290246,Tom,Campbell,12097
CD_I295942,Jordan,Murdoch,12099
CD_I291825,Todd,Elton,12100
CD_I290733,Cam,Sutcliffe,12104
CD_I293193,Luke,Brown,12106
CD_I294798,Mark,Baguley,12107
CD_I291550,Josh,Walker,12109
CD_I281124,Levi,Casboult,12114
CD_I294691,Tom,Bell,12115
CD_I293738,Sam,Frost,12119
CD_I294101,Jason,Johannisen,12122
CD_I291810,Michael,Talia,12123
CD_I295313,Lin,Jong,12125
CD_I291814,Fletcher,Roberts,12126
CD_I293846,Sebastian,Ross,12132
CD_I295285,Jackson,Merrett,12136
CD_I291792,Tommy,Sheridan,12137
CD_I291686,Nick,Kommer,12138
CD_I290307,Dane,Rampe,12140
CD_I294613,Jaeger,O'Meara,12141
CD_I294624,Lachie,Plowman,12142
CD_I294305,Lachie,Whitfield,12143
CD_I290289,Josh,Thomas,12144
CD_I290810,Jack,Frost,12145
CD_I291902,Jack,Viney,12147
CD_I296027,Matt,Jones,12148
CD_I293042,Jimmy,Toumpas,12149
CD_I294318,Ollie,Wines,12150
CD_I294604,Jake,Neade,12151
CD_I270606,Kane,Mitchell,12152
CD_I296733,Mark,Blicavs,12153
CD_I291861,Jed,Anderson,12154
CD_I294307,Brad,Crouch,12156
CD_I260278,Sam,Rowe,12157
CD_I294737,Callum,Sinclair,12158
CD_I291777,Dylan,Buckley,12159
CD_I294317,Nathan,Wright,12160
CD_I290422,Thomas,Lee,12161
CD_I293603,Sam,Mayes,12162
CD_I290085,Taylor,Duryea,12163
CD_I295406,Tanner,Smith,12164
CD_I293222,Rory,Laird,12165
CD_I295467,Jack,Macrae,12166
CD_I293884,Jake,Stringer,12167
CD_I290199,Majak,Daw,12168
CD_I294618,Marco,Paparone,12169
CD_I295518,Sam,Docherty,12170
CD_I295095,Brodie,Murdoch,12172
CD_I281105,Jack,Hannath,12173
CD_I294674,Nick,Vlastuin,12174
CD_I294685,Zac,Williams,12175
CD_I291975,Jarrod,Witts,12177
CD_I293431,Ben,Kennedy,12178
CD_I294583,Jesse,Lonergan,12180
CD_I294508,Aidan,Corr,12181
CD_I291544,Jed,Lamb,12182
CD_I294570,Dean,Kent,12184
CD_I294663,Jackson,Thurlow,12185
CD_I281052,Mark,Hutchings,12187
CD_I290757,Jimmy,Webster,12188
CD_I293154,Troy,Menzel,12189
CD_I294556,Nathan,Hrovat,12190
CD_I294270,Sam,Michael,12192
CD_I292013,Sam,Grimley,12193
CD_I295459,Will,Hams,12195
CD_I291856,Tom,Mitchell,12196
CD_I294518,Joe,Daniher,12199
CD_I295906,Brandon,Jack,12200
CD_I292048,Adam,Oxley,12202
CD_I294557,Lachie,Hunter,12203
CD_I293854,Matt,Taberner,12205
CD_I293739,Xavier,Richards,12206
CD_I291927,Simon,Tunbridge,12207
CD_I291446,Viv,Michie,12209
CD_I291327,Jonathon,Ceglar,12210
CD_I294615,Jonathan,O'Rourke,12212
CD_I290683,Will,Langford,12214
CD_I293957,Brodie,Grundy,12217
CD_I296452,Darren,Minchington,12218
CD_I296078,Taylor,Garner,12220
CD_I296559,Tom,Downie,12221
CD_I295445,Nick,Graham,12222
CD_I294561,Kristian,Jaksch,12227
CD_I295608,Shane,Biggs,12228
CD_I294654,James,Stewart,12232
CD_I295444,Tom,Langdon,12233
CD_I294013,Sean,Lemmens,12234
CD_I291896,Clay,Cameron,12235
CD_I296190,Jack,Martin,12236
CD_I296254,Jarman,Impey,12237
CD_I294504,Tom,Clurey,12238
CD_I295599,Patrick,Ambrose,12239
CD_I297438,Martin,Gleeson,12240
CD_I992016,Zach,Merrett,12241
CD_I296041,Tim,O'Brien,12242
CD_I296343,Jay,Kennedy Harris,12245
CD_I296355,Luke,McDonald,12246
CD_I294429,Luke,Dunstan,12247
CD_I296208,Eli,Templeton,12248
CD_I296351,Jack,Billings,12249
CD_I295067,James,Aish,12250
CD_I294309,Michael,Close,12251
CD_I296211,Lewis,Taylor,12252
CD_I296296,Dom,Sheed,12253
CD_I294178,Angus,Dewar,12254
CD_I296347,Josh,Kelly,12255
CD_I296209,Kade,Kolodjashnij,12256
CD_I261236,Daniel,Currie,12257
CD_I297401,Matt,Crouch,12258
CD_I294470,Jason,Ashby,12259
CD_I990704,Patrick,Cripps,12261
CD_I290722,Sam,Gray,12262
CD_I290073,Sam,Lloyd,12263
CD_I297258,Nick,Robertson,12264
CD_I297406,Tom,Cutler,12265
CD_I296269,Darcy,Gardiner,12267
CD_I295342,Jake,Lloyd,12268
CD_I297373,Marcus,Bontempelli,12269
CD_I296367,Tom,Boyd,12270
CD_I290781,Mitch,Hallahan,12271
CD_I296359,Christian,Salem,12272
CD_I294859,Jeremy,McGovern,12273
CD_I296198,Billy,Hartung,12274
CD_I291607,Ben,Newton,12275
CD_I296294,Blake,Acres,12276
CD_I990609,Charles,Cameron,12277
CD_I293883,Jed,Bews,12278
CD_I296357,Ben,Lennon,12279
CD_I990740,Rory,Lobb,12282
CD_I293479,Cameron,Ellis-Yolmen,12283
CD_I293035,Tim,Broomhead,12284
CD_I296439,Darcy,Lang,12286
CD_I291949,Shane,Kersten,12287
CD_I991988,Zak,Jones,12288
CD_I291867,Ben,Brown,12289
CD_I297504,Daniel,McStay,12291
CD_I296369,Mitch,Honeychurch,12293
CD_I297362,Dom,Barry,12294
CD_I991917,Michael,Apeness,12295
CD_I292030,Jack,Redpath,12296
CD_I295695,Dean,Towers,12297
CD_I294596,Tim,Membrey,12300
CD_I995219,Ciaran,Sheehan,12301
CD_I296334,Orazio,Fantasia,12302
CD_I992499,Kayne,Turner,12304
CD_I294536,Jonathan,Freeman,12305
CD_I297456,Nick,Holman,12307
CD_I295827,Jackson,Ramsay,12308
CD_I296322,Jack,Leslie,12309
CD_I294172,Corey,Gault,12311
CD_I295340,Mason,Wood,12312
CD_I298144,Sam,Naismith,12313
CD_I995192,Cam,McCarthy,12315
CD_I294592,Kamdyn,McIntosh,12317
CD_I994185,Jordan,De Goey,12318
CD_I298336,Nakia,Cockatoo,12319
CD_I296161,Cory,Gregson,12320
CD_I296324,Jesse,Hogan,12321
CD_I298279,Angus,Brayshaw,12322
CD_I297990,Aaron,vandenBerg,12323
CD_I992000,Jack,Lonie,12324
CD_I994389,Jack,Sinclair,12325
CD_I298539,Isaac,Heeney,12326
CD_I298298,Jackson,Nelson,12328
CD_I295461,Adam,Saad,12330
CD_I298272,Touk,Miller,12331
CD_I297566,James,Sicily,12332
CD_I290032,Kane,Lambert,12333
CD_I298268,Liam,Duggan,12334
CD_I297473,Jake,Kelly,12335
CD_I995121,Ciaran,Byrne,12336
CD_I298307,Lukas,Webb,12337
CD_I291947,Brendon,Ah Chee,12338
CD_I298312,Paddy,McCartin,12339
CD_I996059,Harris,Andrews,12340
CD_I295199,Blaine,Boekhorst,12341
CD_I296035,Trent,Dumont,12343
CD_I296306,Nathan,Drummond,12344
CD_I291929,Fraser,McInnes,12345
CD_I991953,Corey,Ellis,12346
CD_I294291,Henry,Schade,12348
CD_I298630,Kyle,Langford,12349
CD_I298265,Daniel,McKenzie,12350
CD_I298281,Jake,Lever,12351
CD_I298409,Alex,Pearce,12352
CD_I297139,Billy,Stretch,12353
CD_I996708,Bailey,Dale,12354
CD_I294591,Liam,McBean,12355
CD_I992015,Connor,Menadue,12356
CD_I297354,Karl,Amon,12357
CD_I296270,Liam,Dawson,12358
CD_I295222,Joel,Hamling,12359
CD_I992462,Daniel,Howe,12360
CD_I294638,Daniel,Robinson,12361
CD_I290889,Keegan,Brooksby,12362
CD_I996483,Toby,McLean,12363
CD_I298289,Peter,Wright,12366
CD_I296420,Alex,Neal-Bullen,12367
CD_I296205,Jack,Steele,12368
CD_I298302,Caleb,Marchbank,12369
CD_I296291,Jake,Kolodjashnij,12370
CD_I992010,Brayden,Maynard,12371
CD_I298288,Darcy,Moore,12372
CD_I295136,Caleb,Daniel,12373
CD_I298174,Toby,Nankervis,12374
CD_I295103,Riley,Knight,12375
CD_I298280,Jayden,Laverde,12377
CD_I297899,James,Harmes,12379
CD_I294472,Rory,Atkins,12381
CD_I298316,Hugh,Goddard,12382
CD_I990290,Tom,Barrass,12383
CD_I295012,Matthew,Scharenberg,12384
CD_I298524,Lachie,Weller,12385
CD_I990548,Jonathon,Marsh,12386
CD_I992450,Billy,Evans,12387
CD_I994460,Jason,Holmes,12388
CD_I297107,James,Rose,12389
CD_I992054,Roarke,Smith,12390
CD_I997846,Conor,McKenna,12391
CD_I991939,Zaine,Cordy,12392
CD_I298264,Ed,Langdon,12393
CD_I992472,Oscar,McDonald,12394
CD_I996580,Ethan,Hughes,12395
CD_I993192,Brady,Grey,12396
CD_I298450,Connor,Blakely,12397
CD_I992075,Mitch,White,12399
CD_I296214,Jake,Barrett,12400
CD_I993832,Jacob,Weitering,12402
CD_I1000981,Daniel,Rioli,12403
CD_I297255,Mitch,McGovern,12404
CD_I990882,Wayne,Milera,12405
CD_I993817,Darcy,Parish,12406
CD_I294092,Anthony,McDonald-Tipungwuti,12407
CD_I993834,Josh,Dunkley,12408
CD_I294168,Marcus,Adams,12409
CD_I996701,Clayton,Oliver,12410
CD_I294036,George,Hewett,12411
CD_I996765,Tom,Papley,12412
CD_I993905,Callum,Mills,12413
CD_I298437,Callum,Ah Chee,12414
CD_I298421,Jade,Gresham,12415
CD_I993841,Josh,Schache,12416
CD_I298290,Marc,Pittonet,12417
CD_I992049,Jayden,Short,12418
CD_I294077,Michael,Hartley,12419
CD_I993480,Dougal,Howard,12420
CD_I996731,Charlie,Curnow,12421
CD_I991930,Darcy,Byrne-Jones,12422
CD_I298266,Matthew,Goodyear,12423
CD_I294675,Josh,Wagner,12424
CD_I291473,Tom,Ruggles,12425
CD_I993816,Darcy,Tucker,12426
CD_I294650,Josh,Smith,12427
CD_I998647,Mason,Cox,12428
CD_I993960,Kieran,Lovell,12429
CD_I298210,Christian,Petracca,12430
CD_I991933,Jason,Castagna,12431
CD_I296284,Mackenzie,Willis,12432
CD_I294469,Aliir,Aliir,12433
CD_I993946,Ben,Keays,12434
CD_I295156,Kaiden,Brand,12435
CD_I993796,Ben,Crocker,12436
CD_I997078,Mason,Redman,12437
CD_I996464,Darcy,MacPherson,12438
CD_I298620,Jack,Hiscox,12439
CD_I993903,Jacob,Hopper,12440
CD_I992351,Bailey,Williams,12441
CD_I993840,Kieran,Collins,12442
CD_I993828,Rhys,Mathieson,12443
CD_I295446,Sam,Collins,12444
CD_I296840,Harry,Marsh,12445
CD_I993820,Tom,Cole,12446
CD_I993859,Kade,Stewart,12447
CD_I296312,Jarrad,Jansen,12448
CD_I996064,Jesse,Joyce,12449
CD_I298091,Logan,Austin,12450
CD_I294621,Lewis,Pierce,12451
CD_I996487,Tom,Phillips,12452
CD_I993940,Corey,Wagner,12453
CD_I993953,Eric,Hipwood,12454
CD_I1001398,Matthew,Kennedy,12455
CD_I295203,Nathan,Broad,12456
CD_I298535,Matthew,Hammelmann,12457
CD_I1001028,Jack,Silvagni,12458
CD_I298358,Oleg,Markov,12459
CD_I998256,Reuben,William,12460
CD_I996442,Ryan,Clarke,12461
CD_I993107,Harry,Himmelberg,12462
CD_I994607,Shane,Yarran,12463
CD_I294199,Sam,Menegola,12464
CD_I298112,Jordan,Foote,12465
CD_I998511,Josh,Schoenfeld,12466
CD_I990816,Aaron,Francis,12467
CD_I1001448,Rupert,Wills,12468
CD_I993794,Blake,Hardwick,12469
CD_I291517,Adam,Marcon,12470
CD_I296432,Malcolm,Karpany,12471
CD_I992752,Archie,Smith,12472
CD_I297523,Reilly,O'Brien,12473
CD_I296383,Kurt,Heatherley,12474
CD_I993806,Sam,Weideman,12475
CD_I993795,David,Cuningham,12476
CD_I992128,Ryan,Burton,12477
CD_I298318,Jesse,Palmer,12478
CD_I298347,Jake,Long,12479
CD_I998569,Callum,Moore,12480
CD_I993799,Brayden,Fiorini,12481
CD_I994235,Josh,Clayton,12482
CD_I994599,Riley,Bonner,12483
CD_I990606,Will,Snelling,12484
CD_I994077,Mabior,Chol,12485
CD_I993821,Brandon,White,12486
CD_I994539,Sam,Petrevski-Seton,12487
CD_I998226,Harrison,Macreadie,12488
CD_I990423,Jarrod,Pickett,12489
CD_I992374,Dan,Butler,12490
CD_I998102,Andrew,McGrath,12491
CD_I1001449,Mitch,Hannan,12492
CD_I1003546,Joel,Smith,12493
CD_I993979,Sam,Powell-Pepper,12494
CD_I994295,Dan,Houston,12495
CD_I296532,Brett,Eddy,12496
CD_I998103,Oliver,Florent,12497
CD_I998130,Ben,Ainsworth,12498
CD_I998260,Jack,Bowes,12499
CD_I992644,Braydon,Preuss,12500
CD_I999724,Declan,Mountford,12501
CD_I993998,Jy,Simpkin,12502
CD_I298407,Mitchell,Hibberd,12503
CD_I998172,Tim,Taranto,12504
CD_I291800,Tom,Stewart,12505
CD_I298419,Brandan,Parfitt,12506
CD_I992018,Teia,Miles,12507
CD_I297907,Nic,Newman,12508
CD_I997100,Will,Hayward,12509
CD_I291848,Robbie,Fox,12510
CD_I997933,Griffin,Logue,12511
CD_I996498,Harley,Balic,12512
CD_I993798,James,Parsons,12513
CD_I294823,Tim,Smith,12514
CD_I297767,Sam,Durdin,12515
CD_I992242,Jordan,Dawson,12516
CD_I998167,Tom,Williamson,12517
CD_I1000978,Hugh,McCluggage,12518
CD_I998133,Jarrod,Berry,12519
CD_I999827,Zac,Fisher,12520
CD_I993917,Ben,Long,12521
CD_I994047,Cedric,Cox,12522
CD_I998100,Cameron,Polson,12523
CD_I298287,Ed,Vickers-Willis,12524
CD_I298430,Aidyn,Johnson,12525
CD_I996743,Lewis,Melican,12526
CD_I294339,Ben,McNiece,12527
CD_I993827,Kurt,Mutimer,12528
CD_I998529,Ivan,Soldo,12529
CD_I998257,Brad,Scheer,12530
CD_I1007102,Mark,O'Connor,12531
CD_I290675,Daniel,Lloyd,12532
CD_I281091,Hugh,Greenwood,12533
CD_I998106,Jordan,Gallucci,12534
CD_I993993,Shai,Bolton,12535
CD_I998205,Harry,Perryman,12536
CD_I1004592,Tim,English,12537
CD_I298305,Jordan,Cunico,12538
CD_I1000959,James,Cousins,12539
CD_I296279,Dallas,Willsmore,12540
CD_I998129,Will,Brodie,12541
CD_I998659,Luke,Ryan,12542
CD_I280974,Jonathon,Beech,12543
CD_I997033,Brennan,Cox,12544
CD_I1002770,Callum,Brown,12545
CD_I998128,Alex,Witherden,12546
CD_I998145,Sean,Darcy,12547
CD_I298446,Josh,Deluca,12548
CD_I997770,Wylie,Buzza,12549
CD_I1004940,Sam,Simpson,12550
CD_I1004870,Zach,Guthrie,12551
CD_I997230,Tyson,Stengle,12552
CD_I298111,Jeremy,Finlayson,12553
CD_I298352,Ryan,Nyhuis,12554
CD_I298285,Daniel,Nielson,12555
CD_I998126,Joe,Atley,12556
CD_I998484,Cameron,Zurhaar,12557
CD_I998134,Josh,Battle,12558
CD_I997316,Lewis,Young,12559
CD_I290797,Alex,Keath,12560
CD_I1003547,Conor,Glass,12561
CD_I998261,Josh,Williams,12562
CD_I1001017,Nick,Larkey,12563
CD_I992468,Rowan,Marshall,12564
CD_I998114,Jack,Scrimshaw,12565
CD_I1000953,Harry,McKay,12566
CD_I998215,Will,Setterfield,12567
CD_I1001573,Max,Spencer,12568
CD_I297703,Luke,Partington,12569
CD_I998268,Jacob,Allison,12570
CD_I993836,Sam,Skinner,12571
CD_I1007125,Corey,Maynard,12572
CD_I1005054,Josh,Daicos,12573
CD_I1005721,Josh,Begley,12574
CD_I1004998,Todd,Marshall,12575
CD_I990827,Jack,Graham,12576
CD_I998797,Kayle,Kirby,12577
CD_I1003130,Patrick,Lipinski,12578
CD_I1000963,Harry,Morrison,12579
CD_I1002143,Ben,McKay,12580
CD_I1002256,Paddy,Dow,12582
CD_I1000932,Tom,Doedee,12583
CD_I999331,Darcy,Fogarty,12584
CD_I1000998,Lachlan,Murphy,12585
CD_I1003620,Sam,Murray,12586
CD_I1002240,Jaidyn,Stephenson,12587
CD_I998180,Bailey,Banfield,12588
CD_I1002232,Andrew,Brayshaw,12589
CD_I1002267,Luke,Davies-Uniacke,12590
CD_I1002264,Hunter,Clark,12591
CD_I1002235,Cam,Rayner,12592
CD_I298277,Billy,Gowers,12593
CD_I1002404,Aaron,Naughton,12594
CD_I295898,Tim,Kelly,12595
CD_I1002228,Lachie,Fogarty,12596
CD_I1002220,Esava,Ratugolea,12597
CD_I1001438,Bayley,Fritsch,12598
CD_I1004286,Zac,Langdon,12599
CD_I1004364,Liam,Ryan,12600
CD_I996554,Jake,Waterman,12601
CD_I998414,Daniel,Venables,12602
CD_I1002239,Adam,Cerra,12603
CD_I1002353,Mitch,Crowden,12604
CD_I1008280,Ed,Richards,12605
CD_I296225,Junior,Rioli,12606
CD_I1000937,Jack,Henry,12607
CD_I1005717,Nick,Coffield,12608
CD_I1002227,Jack,Higgins,12609
CD_I1002312,Zac,Bailey,12610
CD_I1002259,Lochie,O'Brien,12611
CD_I996232,Matt,Guelfi,12612
CD_I291334,David,Mirra,12613
CD_I1000908,Myles,Poholke,12614
CD_I998115,Taylin,Duman,12615
CD_I1004880,Ben,Ronke,12616
CD_I1005521,Oscar,McInerney,12617
CD_I1002296,Nick,Shipley,12618
CD_I1002222,James,Worpel,12619
CD_I1005013,Flynn,Appleby,12620
CD_I998212,Kobe,Mutch,12621
CD_I1002282,Charlie,Spargo,12622
CD_I1006550,Jack,Petruccelle,12623
CD_I1002350,Brayden,Crossley,12624
CD_I1008882,Charlie,Ballard,12625
CD_I290326,Matt,Eagles,12626
CD_I1008198,Tom,McCartin,12627
CD_I1004356,Brayden,Ainsworth,12628
CD_I1001396,Isaac,Cumming,12629
CD_I1002213,Ed,Phillips,12630
CD_I1001026,Jordan,Ridley,12631
CD_I998109,Dylan,Clarke,12632
CD_I996716,Bailey,Rice,12633
CD_I1002328,Jacob,Heron,12634
CD_I998116,Pat,Kerr,12635
CD_I1000887,Mitchell,Lewis,12636
CD_I998791,Jamaine,Jones,12637
CD_I1008080,Ryley,Stoddart,12638
CD_I291849,Brody,Mihocek,12639
CD_I296317,Scott,Jones,12640
CD_I1002354,Stefan,Giro,12641
CD_I298271,Paul,Ahern,12642
CD_I1000905,Tom,Murphy,12643
CD_I1005247,Sam,Taylor,12644
CD_I295964,Patrick,Wilson,12645
CD_I1002300,Jarrod,Brander,12646
CD_I998218,Ryan,Garthwaite,12647
CD_I1002331,Jacob,Dawson,12648
CD_I1003029,Brayden,Sier,12649
CD_I994410,Brad,Lynch,12650
CD_I999824,Quinton,Narkle,12651
CD_I1007881,Wil,Powell,12652
CD_I1008893,Harrison,Petty,12653
CD_I1003520,Darragh,Joyce,12654
CD_I1004385,Oscar,Allen,12655
CD_I1002251,Brent,Daniels,12656
CD_I992023,Alex,Morgan,12657
CD_I997842,Colin,O'Riordan,12658
CD_I293987,Jarrod,Lienert,12659
CD_I990291,Darcy,Cameron,12660
CD_I1000223,Liam,Baker,12661
CD_I1005084,Will,Walker,12662
CD_I1006303,Fergus,Greene,12663
CD_I1002253,Kane,Farrell,12664
CD_I1010841,Jack,Madgen,12665
CD_I1005530,Ryan,Abbott,12666
CD_I297433,Nathan,Freeman,12667
CD_I1002401,Brandon,Starcevich,12668
CD_I1004894,Aiden,Bonar,12669
CD_I1007124,Conor,Nash,12670
CD_I1004985,Ben,Paton,12671
CD_I992059,Sam,Switkowski,12672
CD_I1005107,Nathan,Murphy,12673
CD_I1004912,Tom,De Koning,12674
CD_I1005199,Elliott,Himmelberg,12675
CD_I991773,Billy,Frampton,12676
CD_I1006094,Sam,Walsh,12684
CD_I296200,Michael,Gibbons,12685
CD_I1002245,Noah,Balta,12686
CD_I1002242,Charlie,Constable,12687
CD_I1006152,Jordan,Clark,12688
CD_I1004938,Gryan,Miers,12689
CD_I994386,Tom,Atkins,12690
CD_I1006203,Chayce,Jones,12691
CD_I1006130,Bailey,Smith,12692
CD_I999391,Tom,Sparrow,12693
CD_I996692,Marty,Hore,12694
CD_I1000972,Willem,Drew,12695
CD_I1006096,Xavier,Duursma,12696
CD_I1001299,Connor,Rozee,12697
CD_I1006121,Zak,Butters,12698
CD_I1006028,Nick,Blakey,12699
CD_I1000860,Lachie,Schultz,12700
CD_I1006058,Bailey,Scott,12701
CD_I1000267,Matthew,Parker,12702
CD_I296422,Callum,Wilkie,12703
CD_I1004095,Jack,Lukosius,12704
CD_I1000068,Chris,Burgess,12705
CD_I298390,Jay,Lockhart,12706
CD_I1005729,Tarryn,Thomas,12707
CD_I1002583,Sydney,Stack,12708
CD_I997823,Josh,Rotham,12709
CD_I1006314,Dylan,Moore,12710
CD_I1011936,Justin,McInerney,12711
CD_I1006133,Jack,Ross,12712
CD_I1008190,Brayden,Ham,12713
CD_I1006126,James,Rowbottom,12714
CD_I999309,Jackson,Hately,12715
CD_I991976,Will,Hayes,12716
CD_I1004909,Lachie,Young,12717
CD_I1005053,Noah,Answerth,12718
CD_I1005547,Josh,Corbett,12719
CD_I992465,Declan,Keilty,12720
CD_I1008312,Liam,Stocker,12721
CD_I1006137,Curtis,Taylor,12722
CD_I1008855,Oskar,Baker,12723
CD_I298211,Darcy,Fort,12724
CD_I998321,Joel,Garner,12725
CD_I295015,Robbie,Young,12726
CD_I1004863,Mitchell,Hinge,12727
CD_I1006144,Ben,King,12728
CD_I997142,Peter,Ladhams,12729
CD_I1000061,Callum,Coleman-Jones,12730
CD_I296371,Brett,Bewley,12731
CD_I997501,Ryan,Gardner,12732
CD_I1002231,Patrick,Naish,12733
CD_I297452,Nick,Hind,12734
CD_I1007238,Jake,Stein,12735
CD_I1005793,Jarrod,Cameron,12736
CD_I298417,Ben,Davis,12737
CD_I1001043,Oliver,Hanrahan,12738
CD_I998327,Kyron,Hayden,12739
CD_I1008089,Isaac,Quaynor,12740
CD_I1006276,Derek,Eggmolesse-Smith,12741
CD_I1006106,Kyle,Dunkley,12742
CD_I1000072,John,Noble,12743
CD_I1006148,Bobby,Hill,12744
CD_I1003203,Hayden,McLean,12745
CD_I298474,Francis,Watson,12746
CD_I1004989,Doulton,Langlands,12747
CD_I1006127,Rhylee,West,12748
CD_I1006151,Jason,Carter,12749
CD_I1008083,Connor,Idun,12750
CD_I1004767,Angus,Schumacher,12751
CD_I998390,Changkuoth,Jiath,12752
CD_I1002291,James,Bell,12753
CD_I1006087,Caleb,Graham,12754
CD_I1006103,Jye,Caldwell,12755
CD_I1005330,Kade,Chandler,12756
CD_I1004034,Brandon,Zerk-Thatcher,12757
CD_I998225,Zach,Sproule,12758
CD_I994073,Tom,Jok,12759
CD_I1002372,Hugh,Dixon,12760
CD_I993771,Marlion,Pickett,12761
CD_I1009201,Fischer,McAsey,12762
CD_I1008171,Tyler,Brown,12763
CD_I296070,Ben,Cavarra,12764
CD_I1013611,Sam,Sturt,12765
CD_I1010174,Mitch,Georgiades,12766
CD_I1009199,Noah,Anderson,12767
CD_I1009208,Matt,Rowell,12768
CD_I1008454,Connor,Budarick,12769
CD_I1009528,Tom,Green,12770
CD_I1008541,Kysaiah,Pickett,12771
CD_I1008139,Toby,Bedford,12772
CD_I1006143,Max,King,12773
CD_I1009385,Deven,Robertson,12774
CD_I1008185,Ned,McHenry,12775
CD_I1005000,Laitham,Vandermeer,12776
CD_I1009256,Hayden,Young,12777
CD_I1009378,Trent,Rivers,12778
CD_I1009399,Luke,Jackson,12779
CD_I1006100,Thomas,Berry,12780
CD_I1008159,Will,Hamill,12781
CD_I1009253,Lachie,Ash,12782
CD_I298470,Shane,McAdam,12783
CD_I1011929,Sam,Philp,12784
CD_I1011992,Louis,Butler,12785
CD_I1009420,Caleb,Serong,12786
CD_I1009189,Jack,Mahony,12787
CD_I1004965,Tristan,Xerri,12788
CD_I1004991,Harry,Jones,12789
CD_I992786,Jake,Aarts,12790
CD_I997206,Andrew,McPherson,12791
CD_I1008285,Will,Kelly,12792
CD_I1008288,Atu,Bosenavulagi,12793
CD_I1008550,Will,Day,12794
CD_I1008537,Josh,Morris,12795
CD_I1004848,Dylan,Stephens,12796
CD_I1012014,Chad,Warner,12797
CD_I1001195,Izak,Rankine,12798
CD_I1009223,Ned,Cahill,12799
CD_I1011803,Cody,Weightman,12800
CD_I999321,Michael,Frederick,12801
CD_I1011994,Ryan,Byrnes,12802
CD_I1005997,Elijah,Taylor,12803
CD_I1002383,Callum,Porter,12804
CD_I1004437,Tobe,Watson,12805
CD_I999326,Brad,Close,12806
CD_I1004949,Matthew,Ling,12807
CD_I1008752,Kieran,Strachan,12808
CD_I1013974,Mark,Keane,12809
CD_I1005577,Sam,Draper,12810
CD_I1011437,Harry,Edwards,12811
CD_I1002351,Connor,Ballenden,12812
CD_I1008543,Harry,Schoenberg,12813
CD_I1006136,Lachlan,Sholl,12814
CD_I1009383,Trey,Ruscoe,12815
CD_I1001351,Lachlan,Hosie,12816
CD_I999346,Boyd,Woodcock,12817
CD_I1006232,Sam,Wicks,12818
CD_I1002347,Jack,Payne,12819
CD_I1009380,Jeremy,Sharp,12820
CD_I1006135,Xavier,O'Halloran,12821
CD_I1008154,Matthew,Cottrell,12822
CD_I1002922,Jack,Bytel,12823
CD_I1009260,Sam,Flanders,12824
CD_I1002938,Josh,Honey,12825
CD_I1011791,Zac,Foot,12826
CD_I297668,Nic,Reid,12827
CD_I296984,Tom,Hutchesson,12828
CD_I1004995,Jordon,Butts,12829
CD_I1006097,Irving,Mosquito,12830
CD_I1005988,Liam,Henry,12831
CD_I1008282,Xavier,O'Neill,12832
CD_I1013532,Tom,Fullarton,12833
CD_I1008123,Jake,Riccardi,12834
CD_I1009226,Thomson,Dow,12835
CD_I1006114,Bailey J.,Williams,12836
CD_I1000960,Max,Lynch,12837
CD_I1006059,Keidean,Coleman,12838
CD_I1013973,Matthew,Owies,12839
CD_I1006159,Damon,Greaves,12840
CD_I1011771,Flynn,Perez,12841
CD_I1008940,Ben,Jarvis,12842
CD_I1009421,Finn,Maginness,12843
CD_I1008091,Joel,Amartey,12844
CD_I998107,Hamish,Brayshaw,12845
CD_I1009708,Jack,Buckley,12846
CD_I1005599,Luke,Foley,12847
CD_I999715,Jy,Farrar,12848
CD_I1012807,Sam,Berry,12849
CD_I999316,James,Rowe,12850
CD_I1012860,Oliver,Henry,12851
CD_I1015827,Nik,Cox,12852
CD_I1011755,Harrison,Jones,12853
CD_I1009015,Lachlan,McNeil,12854
CD_I992048,Anthony,Scott,12855
CD_I1000980,Lloyd,Meek,12856
CD_I1012830,Connor,Downie,12857
CD_I1013511,Tyler,Brockman,12858
CD_I1006030,Jacob,Koschitzke,12859
CD_I1013409,James,Jordon,12860
CD_I1013230,Logan,McDonald,12861
CD_I1013128,Errol,Gulden,12862
CD_I1013133,Braeden,Campbell,12863
CD_I1007099,Harry,Sharp,12864
CD_I1012852,Charlie,Lazzaro,12865
CD_I1011659,Tom,Powell,12866
CD_I1009191,Miles,Bergman,12867
CD_I998195,Tom,Highmore,12868
CD_I992597,Paul,Hunter,12869
CD_I993902,Matt,Flynn,12870
CD_I1012805,Tanner,Bruhn,12871
CD_I1008230,Nick,Murray,12872
CD_I1017255,Francis,Evans,12873
CD_I1009386,Jaxon,Prior,12874
CD_I1013224,Heath,Chapman,12875
CD_I1004757,Beau,McCreery,12876
CD_I1012829,Will,Phillips,12877
CD_I298445,Alec,Waterman,12878
CD_I1015873,Archie,Perkins,12879
CD_I1012409,Luke,Parks,12880
CD_I1015889,Max,Holmes,12881
CD_I1011583,Lachie,Jones,12882
CD_I1008478,Rhyan,Mansell,12883
CD_I1009313,Will,Martyn,12884
CD_I1009291,Isiah,Winder,12885
CD_I1015862,Conor,Stone,12886
CD_I1012819,Josh,Treacy,12887
CD_I1012828,Finlay,Macrae,12888
CD_I1012817,Zach,Reid,12889
CD_I992330,Jordon,Sweet,12890
CD_I1009229,Sam,De Koning,12891
CD_I1008384,Riley,Thilthorpe,12892
CD_I1015793,Jay,Rantall,12893
CD_I999320,Martin,Frederick,12894
CD_I1011589,Caleb,Poulter,12895
CD_I1005150,Emerson,Jeka,12896
CD_I1008297,Riley,Collier-Dawkins,12897
CD_I1013978,James,Madden,12898
CD_I1011954,Nick,Bryan,12899
CD_I998782,Buku,Khamis,12900
CD_I993797,Tom,Wilson,12901
CD_I1011985,Hugo,Ralphsmith,12902
CD_I1005986,Malcolm,Rosas,12903
CD_I1008436,Kieren,Briggs,12904
CD_I1011254,Ronin,O'Connor,12905
CD_I1001024,Ned,Reeves,12906
CD_I1006533,Riley,Garcia,12907
CD_I1009186,Trent,Bianco,12908
CD_I1002266,Oscar,Clavarino,12909
CD_I1014038,Callum,Brown,12910
CD_I1006576,Luke,Edwards,12911
CD_I1011981,Josh,Worrell,12912
CD_I1009401,Joel,Western,12913
CD_I1009410,Brandon,Walker,12914
CD_I1020895,Jai,Newcombe,12915
CD_I1000864,Lachlan,Bramble,12916
CD_I1009195,Dylan,Williams,12917
CD_I1012386,Samson,Ryan,12918
CD_I1009228,Leo,Connolly,12919
CD_I1013093,Denver,Grainger-Barras,12920
CD_I1012218,Luke,Pedlar,12921
CD_I1012833,Eddie,Ford,12922
CD_I1009301,Jamarra,Ugle-Hagan,12923
CD_I1004819,Jed,McEntee,12924
CD_I1015810,Sam,Durham,12925
CD_I1003192,Connor,West,12926
CD_I1012857,Jack,Ginnivan,12927
CD_I1013975,Anton,Tohill,12928
CD_I1018018,Cooper,Sharman,12929
CD_I997254,Nathan,Kreuger,12930
CD_I1012825,Jake,Bowey,12931
CD_I1018335,Brayden,Cook,12932
CD_I1005992,Joel,Jeffrey,12933
CD_I1006013,James,Peatling,12934
CD_I1009551,Maurice,Rioli,12935
CD_I1008510,Corey,Durdin,12936
CD_I1009241,Brodie,Kemp,12937
CD_I1015781,Charlie,Comben,12938
CD_I1018075,Lachlan,Gollant,12939
CD_I1011647,Phoenix,Spicer,12940
CD_I1002403,Ben,Miller,12941
CD_I1013268,Alex,Davies,12942
CD_I1023261,Nick,Daicos,12943
CD_I1008975,Kaine,Baldwin,12944
CD_I1012013,Nic,Martin,12945
CD_I1005326,Jackson,Mead,12946
CD_I1017059,Josh,Gibcus,12947
CD_I1023272,Mitch,Owens,12948
CD_I990840,Jack,Hayes,12949
CD_I1015507,Nasiah,Wanganeen-Milera,12950
CD_I1020339,Angus,Sheldrick,12951
CD_I1017109,Jake,Soligo,12952
CD_I1017051,Josh,Rachele,12953
CD_I1017094,Connor,Macdonald,12954
CD_I1017110,Josh,Ward,12955
CD_I1011640,Jason,Horne-Francis,12956
CD_I1023167,Brady,Hough,12957
CD_I1012521,Tex,Wanganeen,12958
CD_I1017078,Josh,Sinn,12959
CD_I1013220,Nathan,O'Driscoll,12960
CD_I1011243,Callum,Jamieson,12961
CD_I1020371,Jack,Williams,12962
CD_I291589,Aaron,Black,12963
CD_I1013278,Reef,McInnes,12964
CD_I1002795,Jordan,Boyd,12965
CD_I1020250,Neil,Erasmus,12966
CD_I1023270,Marcus,Windhager,12967
CD_I1014026,Kai,Lohmann,12968
CD_I1023266,Finn,Callaghan,12969
CD_I1017088,Ben,Hobbs,12970
CD_I1002248,Sam,Hayes,12971
CD_I296588,Robbie,McComb,12972
CD_I998192,Luke,Strnadica,12973
CD_I1025034,Oliver,Dempsey,12974
CD_I1002947,Paul,Curtis,12975
CD_I1013233,Jack,Carroll,12976
CD_I1015748,Aiden,Begg,12977
CD_I1013208,Jackson,Callow,12978
CD_I1017095,Miller,Bergman,12979
CD_I990978,Greg,Clark,12980
CD_I1017093,Cooper,Hamilton,12981
CD_I1015369,Alastair,Lord,12982
CD_I1020594,Jye,Amiss,12983
CD_I996603,Jake,Florenca,12984
CD_I1004948,Cooper,Stephens,12985
CD_I1021103,Mitch,Knevitt,12986
CD_I1015929,Luke,Cleary,12987
CD_I1010708,Sam,Butler,12988
CD_I1006193,Bigoa,Nyuon,12989
CD_I1017700,Jesse,Motlop,12990
CD_I1004530,Jacob,Wehr,12991
CD_I1016433,Shannon,Neale,12992
CD_I1009308,Noah,Cumberland,12993
CD_I1012210,Matt,Roberts,12994
CD_I1013153,Patrick,Parnell,12995
CD_I1020959,Daniel,Turner,12996
CD_I1017043,Judson,Clarke,12997
CD_I1005144,Massimo,D'Ambrosio,12998
CD_I1007591,Brynn,Teakle,12999
CD_I1017718,Rhett,Bazzo,13000
CD_I1015777,Ryan,Angwin,13001
CD_I1015901,Isaac,Chugg,13002
CD_I1011839,James,Blanck,13003
CD_I1020968,Jackson,Archer,13004
CD_I1021108,James,Tunstill,13005
CD_I1015822,Dominic,Bedendo,13006
CD_I1013462,Jase,Burgoyne,13007
CD_I1011449,Zane,Trew,13008
CD_I296280,James,Tsitas,13009
CD_I1009320,Hewago,Oea,13010
CD_I1027021,Josh,Carmichael,13011
CD_I1013260,Carter,Michael,13012
CD_I997974,Ash,Johnson,13013
CD_I1017114,Tyler,Sonsie,13014
CD_I1020802,Jai,Culley,13015
CD_I1012862,Elijah,Hollands,13016
CD_I1013201,Jye,Menzie,13017
CD_I1012144,Kallan,Dawson,13018
CD_I1017396,Mac,Andrew,13019
CD_I1008691,Leek,Aleer,13020
CD_I1017126,Sam,Darcy,13021
CD_I1017091,Jai,Serong,13022
CD_I1017124,Ned,Long,13023
CD_I1008600,Jack,Saunders,13024
CD_I1017118,Josh,Goater,13025
CD_I1017067,Darcy,Wilmot,13026
CD_I1015370,Max,Michalanney,13027
CD_I1021353,Lachlan,Cowan,13028
CD_I1023495,Oliver,Hollands,13029
CD_I1017933,Alwyn,Davey Jnr,13030
CD_I1023482,Cam,Mackenzie,13031
CD_I1012826,Bailey,Laurie,13032
CD_I1017703,Judd,McVee,13033
CD_I1023518,Harry,Sheezel,13034
CD_I1023784,Anthony,Caminiti,13035
CD_I1020137,Mattaes,Phillipou,13036
CD_I1023496,Noah,Long,13037
CD_I1023025,Reuben,Ginbey,13038
CD_I1017057,Campbell,Chesser,13039
CD_I1023517,Will,Ashcroft,13040
CD_I1017665,Bodhi,Uwland,13041
CD_I1021090,Cooper,Whyte,13042
CD_I1018433,Tylar,Young,13043
CD_I1020670,Elijah,Hewett,13044
CD_I1021122,Harry,Rowston,13045
CD_I1020586,Arthur,Jones,13046
CD_I1016825,Matthew,Johnson,13047
CD_I1017720,Jacob,van Rooyen,13048
CD_I1023500,Bailey,Humphrey,13049
CD_I1021013,Ned,Moyle,13050
CD_I1018016,Seamus,Mitchell,13051
CD_I1004113,Will,Gould,13052
CD_I1018424,Corey,Warner,13053
CD_I1019038,Aaron,Cadman,13054
CD_I1016268,Alex,Cincotta,13055
CD_I1012881,Ollie,Lord,13056
CD_I1027935,Josh,Weddle,13057
CD_I1027965,Max,Ramsden,13058
CD_I1013138,Marc,Sheather,13059
CD_I1023475,Blake,Drury,13060
CD_I1032966,James,O'Donnell,13061
CD_I1023537,Jhye,Clark,13062
CD_I1012863,Cameron,Fleeton,13063
CD_I1023477,George,Wardlaw,13064
CD_I1021200,Lachlan,McAndrew,13065
CD_I1024982,Oisin,Mullin,13066
CD_I1017751,Josh,Fahey,13067
CD_I1015332,Harvey,Harrison,13068
CD_I1029261,Bailey,Macdonald,13069
CD_I1029416,Ryan,Maric,13070
CD_I1009392,Jack,Buller,13071
CD_I1023708,Jaspa,Fletcher,13072
CD_I1017128,Dante,Visentini,13073
CD_I1020057,Harry,Barnett,13074
CD_I1021015,Karl,Worner,13075
CD_I1018425,Taj,Woewodin,13076
CD_I1020979,Cooper,Harvey,13077
CD_I1013197,Sam,Banks,13078
CD_I1021152,Jacob,Bauer,13079
CD_I1017932,Jack,Peris,13080
CD_I1021031,Luke,Nankervis,13081
CD_I1031801,Ethan,Stanley,13082
CD_I1008616,Matthew,Coulthard,13083
CD_I1012127,Brandon,Ryan,13084
CD_I1023144,Robert,Hansen Jr,13085
CD_I1009029,James,Borlase,13086
CD_I1023785,Elijah,Tsatas,13087
CD_I1027971,Toby,McMullin,13088
CD_I1020104,Jakob,Ryan,13089
CD_I1020695,Tom,Emmett,13090
CD_I1023680,Henry,Hustwaite,13091
CD_I1024666,Lloyd,Johnston,13092
CD_I1023542,Ted,Clohesy,13093
CD_I1017063,Toby,Conway,13094
CD_I1031829,James,Trezise,13095
CD_I1017086,Tom,Brown,13096
CD_I1009197,Charlie,Dean,13097
CD_I1017122,Blake,Howes,13098
CD_I1027821,Caleb,Windsor,13099
CD_I1023275,Seth,Campbell,13100
CD_I1027925,Harvey,Thomas,13101
CD_I1017087,Harvey,Gallagher,13102
CD_I1017939,Ryley,Sanders,13103
CD_I993878,Shaun,Mannagh,13104
CD_I1023473,Nick,Watson,13105
CD_I1023494,Zane,Duursma,13106
CD_I1024272,Colby,McKercher,13107
CD_I1002138,Toby,Pink,13108
CD_I1017959,Lance,Collard,13109
CD_I1027875,Darcy,Wilson,13110
CD_I1023492,Harley,Reid,13111
CD_I1020668,Joshua,Draper,13112
CD_I1008747,Mykelti,Lefau,13113
CD_I1023736,Jed,Walter,13114
CD_I1024096,Caleb,Mitchell,13115
CD_I1027872,Angus,Hastie,13116
CD_I1019916,Kane,McAuliffe,13117
CD_I1020032,Loch,Rawlinson,13118
CD_I1013257,Sam,Clohesy,13119
CD_I1026960,Will,Graham,13120
CD_I1027033,Ethan,Read,13121
CD_I1027877,Connor,O'Sullivan,13122
CD_I1023640,Koltyn,Tholstrup,13123
CD_I1031819,Tyler,Sellers,13124
CD_I1027790,Hugo,Garcia,13125
CD_I1018123,Jake,Rogers,13126
CD_I1023533,Jaxon,Binns,13127
CD_I1027656,Cooper,Simpson,13128
CD_I1017754,Patrick,Voss,13129
CD_I1023625,Riley,Hardeman,13130
CD_I1020650,Darcy,Jones,13131
CD_I1024023,Daniel,Curtin,13132
CD_I998480,Lachlan,Sullivan,13133
CD_I1023787,Charlie,Clarke,13134
CD_I1032100,Calsher,Dear,13135
CD_I1027969,Harvey,Johnston,13136
CD_I1028019,Logan,Morris,13137
CD_I1009317,Bruce,Reville,13138
CD_I1008239,Joe,Richards,13139
CD_I1027704,Joel,Freijah,13140
CD_I1023142,Tyrell,Dewar,13141
CD_I1028105,Shadeau,Brain,13142
CD_I1005052,Ethan,Phillips,13143
CD_I1028551,Wil,Dawson,13144
CD_I1023056,Steely,Green,13145
CD_I1022915,Edward,Allan,13146
CD_I1012873,Wil,Parker,13147
CD_I1027899,Nate,Caddy,13148
CD_I1022999,Kaleb,Smith,13149
CD_I1015329,Billy,Dowling,13150
CD_I1036098,Jack,Hutchinson,13151
CD_I1024279,Arie,Schoenmaker,13152
CD_I1032017,Tew,Jiath,13153
CD_I1022927,Hugh,Davies,13154
CD_I1027949,Kynan,Brown,13155
CD_I1019938,Logan,Evans,13156
CD_I1024057,Caiden,Cleary,13157
CD_I1027921,Max,Gruzewski,13158
CD_I1017065,Zac,Taylor,13159
CD_I1013464,Lawson,Humphries,13160
CD_I1013165,Andy,Moniz-Wakefield,13161
CD_I1029262,Will,Lorenz,13162
CD_I1013229,Jacob,Blight,13163
CD_I1032629,Joe,Fonti,13164
CD_I1023534,Hugh,Bond,13165
CD_I1016189,Henry,Smith,13166
CD_I1024188,Clay,Hall,13167
CD_I1023515,Archie,Roberts,13168
CD_I1017077,Angus,McLennan,13169
CD_I1032108,Cooper,Lord,13170
CD_I1020097,Ashton,Moir,13171
CD_I1023346,Liam,Reidy,13172
CD_I1027687,Tom,Hanily,13173
CD_I1032119,James,Leake,13174
CD_I1022607,Sid,Draper,13175
CD_I1022452,Lucas,Camporeale,13176
CD_I1028554,Isaac,Kako,13177
CD_I1036123,Sam,Davidson,13178
CD_I1034235,Josh,Dolan,13179
CD_I1028513,Murphy,Reid,13180
CD_I1008183,Jack,Henderson,13181
CD_I1023486,Matthew,Jefferson,13182
CD_I1024173,Aidan,Johnson,13183
CD_I1028546,Harvey,Langford,13184
CD_I1028531,Xavier,Lindsay,13185
CD_I1023530,Jacob,Konstanty,13186
CD_I1028495,Finn,O'Sullivan,13187
CD_I1028529,Joe,Berry,13188
CD_I1028525,Harry,Armstrong,13189
CD_I1028491,Sam,Lalor,13190
CD_I1028521,Luke,Trainor,13191
CD_I1000958,Harry,Boyd,13192
CD_I1020855,Max,Hall,13193
CD_I1035198,Liam,O'Connell,13194
CD_I1008224,Riley,Bice,13195
CD_I1027693,Archer,Reid,13196
CD_I1028560,Levi,Ashcroft,13197
CD_I1018323,Thomas,Edwards,13198
CD_I1028563,Christian,Moraes,13199
CD_I1022383,Liam,Fawcett,13200
CD_I1015323,Isaac,Keeler,13201
CD_I1029405,Will,McLachlan,13202
CD_I1015919,Saad,El-Hawli,13203
CD_I1011558,Isaiah,Dudley,13204
CD_I1022371,Tom,Cochrane,13205
CD_I1028538,Tobie,Travaglia,13206
CD_I1027713,Will,White,13207
CD_I1028547,Matt,Whitlock,13208
CD_I1013315,Sandy,Brock,13209
CD_I1032624,Hamish,Davis,13210
CD_I1028561,Tom,Gross,13211
CD_I1027964,Matthew,Carroll,13212
CD_I1029456,Cooper,Hynes,13213
CD_I1028498,Jonty,Faull,13214
CD_I1028520,Sam,Marshall,13215
CD_I1023017,Jedd,Busslinger,13216
CD_I1020881,Oliver,Wiltshire,13217
CD_I1036103,Campbell,Gray,13218
CD_I1031792,Finnbar,Maley,13219
CD_I1029148,Hugh,Boxshall,13220
CD_I1028449,Bo,Allan,13221
CD_I1029030,Josaia,Delana,13222
CD_I1029265,Archer,Day-Wicks,13223
CD_I1023487,Lewis,Hayes,13224
CD_I1018996,Thomas,Sims,13225
CD_I1032619,Cody,Angove,13226
CD_I1028526,Harry,O'Farrell,13227
CD_I1032922,William,Hayes,13228
CD_I1027284,Angus,Clarke,13229
CD_I1015330,Hugh,Jackson,13230
CD_I1028519,Zak,Johnson,13231
CD_I1029301,Leonardo,Lombard,13232
CD_I1023489,Hudson,O'Keeffe,13233
CD_I1027706,Luamon,Lual,13234
CD_I1034411,Ty,Gallop,13235
CD_I1023743,Nicholas,Madden,13236
CD_I1028196,Lachlan,Blakiston,13237
CD_I1029084,Archer,May,13238
CD_I1008649,Mani,Liddy,13239
CD_I1036124,Tom,McCarthy,13240
CD_I1027966,Vigo,Visentini,13241
CD_I1028537,Jasper,Alger,13242
CD_I1030433,Alixzander,Tauru,13243
CD_I1027678,Billy,Wilson,13244
CD_I1020877,Flynn,Young,13245
CD_I1027382,Charlie,West,13246
CD_I1031913,Jobe,Shanahan,13247
CD_I1027501,Roan,Steele,13248
CD_I1023681,George,Stevens,13249
CD_I1029136,Malakai,Champion,13250
CD_I1015515,Oscar,Adams,13251
CD_I1027644,Oskar,Smartt,13252
CD_I1032106,Taj,Hotton,13253
CD_I1015886,Max,Heath,13254
CD_I1012842,Liam,McMahon,13255
CD_I1020930,Zac,Banch,13256
CD_I1011950,Ben,Jepson,13257
CD_I1018987,Jayden,Nguyen,13258
CD_I1032053,Jack,Whitlock,13259
CD_I1029589,Jesse,Dattoli,13260
CD_I1023174,Jed,Adams,13261
CD_I1027726,Geordie,Payne,13262
CD_I1031988,Cooper,Trembath,13263
CD_I1032023,Rhys,Unwin,13264
CD_I1013996,Jordan,Croft,13265
CD_I1027011,Alex,Dodson,13266
CD_I1022486,Jacob,Newton,13267
CD_I1008805,Luke,Beecken,13268
CD_I1027887,Ewan,Mackinlay,13269
CD_I1027311,Harrison,Ram,13270
CD_I1018992,Lucca,Greggo,13271
CD_I1029304,Lachlan,Gulbin,13272
